Date,Department,Working Staff,Patient Count,Attrition Rate,Staff Hired,Previous Patient Count
01-01-2024,Cardiology,18,32,12,2,44
01-01-2024,Neurology,16,40,4,4,23
01-01-2024,Oncology,18,25,1,0,31
01-01-2024,Emergency,16,29,11,6,18
01-01-2024,Pathology,10,50,8,0,32
02-01-2024,Cardiology,15,59,7,6,35
02-01-2024,Neurology,13,8,5,4,12
02-01-2024,Oncology,17,64,10,6,34
02-01-2024,Emergency,14,35,7,1,20
02-01-2024,Pathology,19,53,12,1,38
03-01-2024,Cardiology,13,13,6,2,32
03-01-2024,Neurology,19,45,11,3,33
03-01-2024,Oncology,11,53,3,1,31
03-01-2024,Emergency,18,30,11,0,35
03-01-2024,Pathology,15,38,2,3,44
04-01-2024,Cardiology,18,40,1,2,35
04-01-2024,Neurology,11,32,11,7,12
04-01-2024,Oncology,17,37,5,7,13
04-01-2024,Emergency,19,21,11,2,44
04-01-2024,Pathology,14,41,2,7,23
05-01-2024,Cardiology,19,56,9,1,15
05-01-2024,Neurology,12,25,8,3,16
05-01-2024,Oncology,17,47,6,2,19
05-01-2024,Emergency,11,35,7,7,22
05-01-2024,Pathology,18,39,4,4,32
06-01-2024,Cardiology,10,23,11,6,11
06-01-2024,Neurology,16,34,11,3,39
06-01-2024,Oncology,13,53,7,1,28
06-01-2024,Emergency,17,62,6,3,44
06-01-2024,Pathology,10,38,8,7,38
07-01-2024,Cardiology,14,54,3,3,26
07-01-2024,Neurology,11,47,7,1,33
07-01-2024,Oncology,17,28,6,3,34
07-01-2024,Emergency,10,6,4,2,27
07-01-2024,Pathology,17,30,7,4,24
08-01-2024,Cardiology,10,21,5,0,15
08-01-2024,Neurology,17,13,12,4,12
08-01-2024,Oncology,13,11,9,5,29
08-01-2024,Emergency,16,6,3,5,22
08-01-2024,Pathology,16,40,2,1,15
09-01-2024,Cardiology,19,62,2,4,27
09-01-2024,Neurology,16,20,11,0,37
09-01-2024,Oncology,18,22,3,4,17
09-01-2024,Emergency,15,6,8,1,12
09-01-2024,Pathology,13,54,8,6,12
10-01-2024,Cardiology,14,45,10,3,32
10-01-2024,Neurology,11,43,4,0,34
10-01-2024,Oncology,13,22,5,3,36
10-01-2024,Emergency,19,56,5,0,36
10-01-2024,Pathology,17,20,6,0,32
11-01-2024,Cardiology,15,30,2,2,20
11-01-2024,Neurology,19,30,10,4,19
11-01-2024,Oncology,12,44,8,3,35
11-01-2024,Emergency,11,18,11,0,24
11-01-2024,Pathology,15,50,8,6,24
12-01-2024,Cardiology,11,50,1,2,27
12-01-2024,Neurology,15,53,12,5,22
12-01-2024,Oncology,16,29,7,3,32
12-01-2024,Emergency,15,24,2,0,15
12-01-2024,Pathology,19,26,5,0,36
13-01-2024,Cardiology,11,31,3,7,22
13-01-2024,Neurology,14,51,4,3,10
13-01-2024,Oncology,19,26,3,5,10
13-01-2024,Emergency,19,28,11,1,17
13-01-2024,Pathology,10,56,7,0,20
14-01-2024,Cardiology,12,48,9,6,23
14-01-2024,Neurology,12,43,4,2,29
14-01-2024,Oncology,12,57,11,5,16
14-01-2024,Emergency,18,20,7,1,12
14-01-2024,Pathology,16,29,1,7,32
15-01-2024,Cardiology,18,6,4,6,10
15-01-2024,Neurology,10,62,8,1,15
15-01-2024,Oncology,13,41,12,4,28
15-01-2024,Emergency,13,12,7,1,28
15-01-2024,Pathology,12,14,3,2,33
16-01-2024,Cardiology,11,51,10,1,33
16-01-2024,Neurology,12,25,4,3,23
16-01-2024,Oncology,15,18,9,2,42
16-01-2024,Emergency,10,64,12,4,28
16-01-2024,Pathology,18,10,3,2,23
17-01-2024,Cardiology,19,45,1,2,14
17-01-2024,Neurology,12,22,3,1,11
17-01-2024,Oncology,15,58,1,5,17
17-01-2024,Emergency,16,63,3,2,23
17-01-2024,Pathology,15,24,4,5,12
18-01-2024,Cardiology,14,59,11,2,12
18-01-2024,Neurology,12,38,3,0,10
18-01-2024,Oncology,19,34,10,7,27
18-01-2024,Emergency,13,9,5,4,10
18-01-2024,Pathology,11,29,4,7,23
19-01-2024,Cardiology,14,28,6,1,42
19-01-2024,Neurology,13,62,6,2,44
19-01-2024,Oncology,13,35,8,7,29
19-01-2024,Emergency,19,37,2,2,18
19-01-2024,Pathology,11,5,8,7,28
20-01-2024,Cardiology,15,19,6,5,30
20-01-2024,Neurology,19,5,10,1,33
20-01-2024,Oncology,11,13,2,6,43
20-01-2024,Emergency,16,40,7,3,24
20-01-2024,Pathology,16,51,8,0,38
21-01-2024,Cardiology,15,44,3,2,26
21-01-2024,Neurology,17,46,9,5,21
21-01-2024,Oncology,10,41,7,7,19
21-01-2024,Emergency,16,38,12,1,13
21-01-2024,Pathology,17,22,1,3,31
22-01-2024,Cardiology,18,13,11,6,26
22-01-2024,Neurology,15,20,8,7,42
22-01-2024,Oncology,13,48,9,3,26
22-01-2024,Emergency,11,53,7,4,41
22-01-2024,Pathology,10,34,12,4,39
23-01-2024,Cardiology,19,50,3,3,15
23-01-2024,Neurology,16,51,5,3,19
23-01-2024,Oncology,13,8,9,4,15
23-01-2024,Emergency,15,37,1,1,42
23-01-2024,Pathology,17,31,7,5,33
24-01-2024,Cardiology,17,22,1,1,36
24-01-2024,Neurology,16,15,12,3,38
24-01-2024,Oncology,19,32,12,0,34
24-01-2024,Emergency,12,34,1,1,41
24-01-2024,Pathology,14,53,10,5,32
25-01-2024,Cardiology,19,28,3,7,14
25-01-2024,Neurology,16,44,9,0,34
25-01-2024,Oncology,11,21,8,0,15
25-01-2024,Emergency,19,13,2,0,33
25-01-2024,Pathology,14,31,9,5,17
26-01-2024,Cardiology,13,35,4,7,19
26-01-2024,Neurology,14,32,7,7,28
26-01-2024,Oncology,14,34,5,2,30
26-01-2024,Emergency,19,38,2,3,30
26-01-2024,Pathology,11,10,1,7,35
27-01-2024,Cardiology,11,39,3,6,10
27-01-2024,Neurology,18,21,12,3,19
27-01-2024,Oncology,15,61,11,6,20
27-01-2024,Emergency,15,42,9,4,17
27-01-2024,Pathology,10,13,5,7,12
28-01-2024,Cardiology,13,17,2,7,10
28-01-2024,Neurology,12,8,11,1,30
28-01-2024,Oncology,13,6,10,7,26
28-01-2024,Emergency,14,50,11,2,29
28-01-2024,Pathology,17,26,11,4,44
29-01-2024,Cardiology,16,48,3,6,22
29-01-2024,Neurology,10,16,11,7,21
29-01-2024,Oncology,18,23,7,0,30
29-01-2024,Emergency,11,12,2,3,36
29-01-2024,Pathology,10,49,12,0,42
30-01-2024,Cardiology,11,54,4,0,20
30-01-2024,Neurology,14,62,5,2,22
30-01-2024,Oncology,11,31,11,7,13
30-01-2024,Emergency,11,46,2,0,10
30-01-2024,Pathology,13,60,6,4,12
31-01-2024,Cardiology,11,59,4,7,30
31-01-2024,Neurology,15,48,4,6,26
31-01-2024,Oncology,13,39,5,6,20
31-01-2024,Emergency,15,48,1,1,17
31-01-2024,Pathology,19,54,5,1,35
01-02-2024,Cardiology,18,31,1,1,31
01-02-2024,Neurology,13,60,4,5,25
01-02-2024,Oncology,14,36,5,4,22
01-02-2024,Emergency,13,43,7,1,44
01-02-2024,Pathology,15,15,7,0,30
02-02-2024,Cardiology,19,34,3,7,28
02-02-2024,Neurology,18,49,5,4,24
02-02-2024,Oncology,12,53,5,7,29
02-02-2024,Emergency,11,9,3,5,23
02-02-2024,Pathology,19,64,6,3,28
03-02-2024,Cardiology,19,52,8,4,37
03-02-2024,Neurology,18,18,3,1,27
03-02-2024,Oncology,11,18,1,3,12
03-02-2024,Emergency,12,12,12,6,20
03-02-2024,Pathology,17,37,5,3,26
04-02-2024,Cardiology,14,9,10,7,31
04-02-2024,Neurology,10,8,1,0,38
04-02-2024,Oncology,12,57,11,3,19
04-02-2024,Emergency,15,15,12,5,19
04-02-2024,Pathology,14,48,6,5,40
05-02-2024,Cardiology,15,8,8,5,11
05-02-2024,Neurology,19,18,11,6,29
05-02-2024,Oncology,13,54,6,1,22
05-02-2024,Emergency,13,37,2,2,24
05-02-2024,Pathology,19,29,3,7,43
06-02-2024,Cardiology,19,55,1,5,42
06-02-2024,Neurology,12,53,8,4,38
06-02-2024,Oncology,15,60,2,2,30
06-02-2024,Emergency,13,24,11,0,17
06-02-2024,Pathology,16,12,11,2,14
07-02-2024,Cardiology,11,55,12,6,26
07-02-2024,Neurology,17,11,12,4,27
07-02-2024,Oncology,15,39,11,6,36
07-02-2024,Emergency,10,38,5,7,10
07-02-2024,Pathology,12,17,3,4,42
08-02-2024,Cardiology,11,56,10,1,29
08-02-2024,Neurology,18,56,8,2,11
08-02-2024,Oncology,15,53,2,4,29
08-02-2024,Emergency,10,45,1,0,17
08-02-2024,Pathology,17,53,1,1,16
09-02-2024,Cardiology,18,16,3,6,40
09-02-2024,Neurology,11,50,12,3,40
09-02-2024,Oncology,11,11,2,2,12
09-02-2024,Emergency,19,53,10,6,10
09-02-2024,Pathology,13,5,11,6,17
10-02-2024,Cardiology,10,26,11,4,43
10-02-2024,Neurology,15,21,12,4,37
10-02-2024,Oncology,19,59,4,4,14
10-02-2024,Emergency,12,39,10,0,13
10-02-2024,Pathology,15,11,12,1,37
11-02-2024,Cardiology,13,51,4,3,33
11-02-2024,Neurology,16,32,10,1,16
11-02-2024,Oncology,14,28,6,3,44
11-02-2024,Emergency,15,61,12,7,16
11-02-2024,Pathology,18,62,10,6,38
12-02-2024,Cardiology,10,20,1,0,18
12-02-2024,Neurology,13,59,1,6,44
12-02-2024,Oncology,14,15,6,6,17
12-02-2024,Emergency,15,28,11,6,11
12-02-2024,Pathology,11,5,12,3,10
13-02-2024,Cardiology,17,27,7,7,41
13-02-2024,Neurology,19,55,8,1,34
13-02-2024,Oncology,14,32,8,4,37
13-02-2024,Emergency,10,5,11,6,29
13-02-2024,Pathology,15,52,8,0,37
14-02-2024,Cardiology,10,5,2,7,40
14-02-2024,Neurology,10,34,1,4,22
14-02-2024,Oncology,18,51,2,0,13
14-02-2024,Emergency,17,20,2,4,27
14-02-2024,Pathology,16,29,5,1,14
15-02-2024,Cardiology,11,41,11,0,22
15-02-2024,Neurology,11,22,12,3,14
15-02-2024,Oncology,16,14,12,3,37
15-02-2024,Emergency,14,50,2,1,20
15-02-2024,Pathology,15,23,4,3,11
16-02-2024,Cardiology,12,45,8,1,33
16-02-2024,Neurology,16,56,1,3,31
16-02-2024,Oncology,16,35,4,7,16
16-02-2024,Emergency,17,55,12,4,26
16-02-2024,Pathology,15,62,6,2,23
17-02-2024,Cardiology,12,62,12,3,20
17-02-2024,Neurology,13,56,9,2,26
17-02-2024,Oncology,18,59,5,7,33
17-02-2024,Emergency,19,36,8,5,10
17-02-2024,Pathology,16,9,5,2,12
18-02-2024,Cardiology,16,57,11,7,13
18-02-2024,Neurology,13,26,6,6,28
18-02-2024,Oncology,19,52,12,5,11
18-02-2024,Emergency,18,64,12,3,34
18-02-2024,Pathology,19,60,4,7,26
19-02-2024,Cardiology,12,57,5,1,11
19-02-2024,Neurology,14,6,11,0,26
19-02-2024,Oncology,12,50,2,0,22
19-02-2024,Emergency,10,59,5,2,17
19-02-2024,Pathology,18,53,2,7,15
20-02-2024,Cardiology,18,37,9,2,32
20-02-2024,Neurology,11,25,10,1,32
20-02-2024,Oncology,19,29,8,5,32
20-02-2024,Emergency,12,32,2,5,21
20-02-2024,Pathology,16,43,6,1,40
21-02-2024,Cardiology,12,39,11,3,21
21-02-2024,Neurology,15,6,7,7,38
21-02-2024,Oncology,13,42,8,3,34
21-02-2024,Emergency,16,34,11,2,26
21-02-2024,Pathology,16,41,8,6,31
22-02-2024,Cardiology,10,13,9,4,43
22-02-2024,Neurology,17,7,10,6,17
22-02-2024,Oncology,10,47,10,5,20
22-02-2024,Emergency,19,25,3,5,36
22-02-2024,Pathology,18,52,3,5,28
23-02-2024,Cardiology,18,48,2,6,22
23-02-2024,Neurology,13,47,5,3,35
23-02-2024,Oncology,10,14,8,1,22
23-02-2024,Emergency,14,54,10,0,43
23-02-2024,Pathology,12,8,10,2,14
24-02-2024,Cardiology,19,9,3,4,23
24-02-2024,Neurology,12,40,11,2,43
24-02-2024,Oncology,15,36,10,0,40
24-02-2024,Emergency,17,11,4,5,40
24-02-2024,Pathology,16,49,2,3,33
25-02-2024,Cardiology,19,59,4,0,38
25-02-2024,Neurology,10,59,11,0,33
25-02-2024,Oncology,18,62,12,1,44
25-02-2024,Emergency,12,44,9,7,42
25-02-2024,Pathology,19,38,9,4,32
26-02-2024,Cardiology,19,46,2,1,15
26-02-2024,Neurology,14,61,12,5,18
26-02-2024,Oncology,17,32,5,7,35
26-02-2024,Emergency,19,7,11,6,22
26-02-2024,Pathology,12,36,10,6,34
27-02-2024,Cardiology,13,56,10,5,30
27-02-2024,Neurology,19,16,9,4,33
27-02-2024,Oncology,13,43,3,1,19
27-02-2024,Emergency,10,28,7,0,26
27-02-2024,Pathology,10,39,6,0,12
28-02-2024,Cardiology,19,52,6,1,37
28-02-2024,Neurology,18,46,6,4,33
28-02-2024,Oncology,14,56,12,7,19
28-02-2024,Emergency,17,10,6,6,10
28-02-2024,Pathology,17,47,12,7,35
29-02-2024,Cardiology,10,39,5,4,21
29-02-2024,Neurology,14,39,11,2,16
29-02-2024,Oncology,10,22,3,5,43
29-02-2024,Emergency,12,8,12,5,21
29-02-2024,Pathology,11,13,2,1,41
01-03-2024,Cardiology,17,19,2,4,36
01-03-2024,Neurology,18,15,6,2,38
01-03-2024,Oncology,13,53,9,1,21
01-03-2024,Emergency,16,52,5,2,43
01-03-2024,Pathology,16,34,12,0,37
02-03-2024,Cardiology,12,57,4,1,40
02-03-2024,Neurology,16,64,3,2,16
02-03-2024,Oncology,12,15,12,4,25
02-03-2024,Emergency,16,7,4,3,30
02-03-2024,Pathology,17,52,2,2,11
03-03-2024,Cardiology,11,19,5,6,29
03-03-2024,Neurology,13,45,10,3,36
03-03-2024,Oncology,12,46,8,3,13
03-03-2024,Emergency,10,58,2,3,11
03-03-2024,Pathology,17,29,2,7,20
04-03-2024,Cardiology,15,37,5,6,31
04-03-2024,Neurology,19,58,5,2,23
04-03-2024,Oncology,18,45,10,5,42
04-03-2024,Emergency,16,20,4,4,17
04-03-2024,Pathology,17,48,6,5,13
05-03-2024,Cardiology,12,30,11,1,44
05-03-2024,Neurology,17,12,3,4,33
05-03-2024,Oncology,12,26,8,2,28
05-03-2024,Emergency,15,9,7,7,15
05-03-2024,Pathology,10,35,7,4,35
06-03-2024,Cardiology,10,5,10,7,30
06-03-2024,Neurology,11,5,4,1,36
06-03-2024,Oncology,15,58,5,3,31
06-03-2024,Emergency,16,55,7,4,32
06-03-2024,Pathology,14,36,5,3,33
07-03-2024,Cardiology,15,64,4,1,33
07-03-2024,Neurology,11,45,7,5,13
07-03-2024,Oncology,14,61,4,3,22
07-03-2024,Emergency,18,11,1,5,43
07-03-2024,Pathology,14,19,3,5,14
08-03-2024,Cardiology,18,14,9,1,27
08-03-2024,Neurology,14,33,1,4,31
08-03-2024,Oncology,11,46,6,7,14
08-03-2024,Emergency,10,45,11,0,16
08-03-2024,Pathology,13,53,5,1,26
09-03-2024,Cardiology,19,55,3,6,44
09-03-2024,Neurology,11,64,7,5,11
09-03-2024,Oncology,10,61,2,6,41
09-03-2024,Emergency,13,15,6,1,16
09-03-2024,Pathology,13,31,9,5,10
10-03-2024,Cardiology,11,32,12,0,42
10-03-2024,Neurology,12,54,1,0,31
10-03-2024,Oncology,14,25,10,6,14
10-03-2024,Emergency,13,50,8,6,31
10-03-2024,Pathology,13,52,11,1,35
11-03-2024,Cardiology,10,39,6,4,19
11-03-2024,Neurology,19,24,9,5,31
11-03-2024,Oncology,11,44,5,6,24
11-03-2024,Emergency,10,32,7,1,22
11-03-2024,Pathology,10,35,5,1,16
12-03-2024,Cardiology,10,57,2,6,26
12-03-2024,Neurology,10,43,12,2,31
12-03-2024,Oncology,17,29,10,1,18
12-03-2024,Emergency,10,16,9,7,36
12-03-2024,Pathology,13,5,8,0,12
13-03-2024,Cardiology,10,26,6,7,11
13-03-2024,Neurology,13,15,2,2,42
13-03-2024,Oncology,12,41,1,7,44
13-03-2024,Emergency,18,10,1,3,26
13-03-2024,Pathology,10,29,1,6,17
14-03-2024,Cardiology,17,33,6,0,35
14-03-2024,Neurology,11,32,5,6,27
14-03-2024,Oncology,11,9,4,3,33
14-03-2024,Emergency,13,14,9,6,30
14-03-2024,Pathology,11,55,12,6,31
15-03-2024,Cardiology,14,54,7,1,40
15-03-2024,Neurology,18,36,2,6,29
15-03-2024,Oncology,17,11,6,6,28
15-03-2024,Emergency,11,46,11,2,37
15-03-2024,Pathology,18,48,7,2,20
16-03-2024,Cardiology,10,21,2,2,19
16-03-2024,Neurology,16,43,8,0,24
16-03-2024,Oncology,10,24,6,2,35
16-03-2024,Emergency,18,25,4,5,24
16-03-2024,Pathology,14,47,5,5,36
17-03-2024,Cardiology,12,42,5,3,11
17-03-2024,Neurology,14,37,11,0,19
17-03-2024,Oncology,13,64,8,7,42
17-03-2024,Emergency,17,17,2,0,23
17-03-2024,Pathology,11,56,3,2,18
18-03-2024,Cardiology,11,7,10,6,25
18-03-2024,Neurology,18,34,12,0,10
18-03-2024,Oncology,13,6,5,7,34
18-03-2024,Emergency,17,19,12,3,14
18-03-2024,Pathology,15,8,6,4,44
19-03-2024,Cardiology,17,64,11,7,39
19-03-2024,Neurology,19,16,10,7,35
19-03-2024,Oncology,17,43,6,0,33
19-03-2024,Emergency,10,12,5,7,16
19-03-2024,Pathology,19,15,3,6,11
20-03-2024,Cardiology,15,47,6,4,41
20-03-2024,Neurology,13,37,10,7,40
20-03-2024,Oncology,13,63,8,6,35
20-03-2024,Emergency,12,29,8,4,39
20-03-2024,Pathology,13,52,8,6,21
21-03-2024,Cardiology,18,50,9,7,16
21-03-2024,Neurology,16,35,10,1,13
21-03-2024,Oncology,13,21,11,2,34
21-03-2024,Emergency,19,44,1,5,38
21-03-2024,Pathology,17,30,1,2,15
22-03-2024,Cardiology,19,33,9,1,10
22-03-2024,Neurology,12,33,4,0,26
22-03-2024,Oncology,12,17,6,7,31
22-03-2024,Emergency,15,12,2,5,10
22-03-2024,Pathology,19,53,9,7,10
23-03-2024,Cardiology,16,11,9,4,29
23-03-2024,Neurology,15,35,7,2,41
23-03-2024,Oncology,18,53,10,3,24
23-03-2024,Emergency,12,26,6,4,38
23-03-2024,Pathology,13,37,7,6,16
24-03-2024,Cardiology,15,52,3,2,22
24-03-2024,Neurology,18,35,4,5,36
24-03-2024,Oncology,10,62,4,1,26
24-03-2024,Emergency,12,12,3,6,34
24-03-2024,Pathology,10,31,2,3,35
25-03-2024,Cardiology,13,29,8,6,35
25-03-2024,Neurology,18,30,9,3,14
25-03-2024,Oncology,16,38,4,7,12
25-03-2024,Emergency,11,53,12,0,19
25-03-2024,Pathology,14,27,5,6,35
26-03-2024,Cardiology,16,19,6,2,41
26-03-2024,Neurology,15,52,3,6,21
26-03-2024,Oncology,13,46,3,6,12
26-03-2024,Emergency,13,62,8,4,25
26-03-2024,Pathology,12,54,2,5,15
27-03-2024,Cardiology,10,55,4,0,22
27-03-2024,Neurology,10,40,10,5,36
27-03-2024,Oncology,15,45,3,7,14
27-03-2024,Emergency,11,55,8,0,25
27-03-2024,Pathology,14,27,1,2,18
28-03-2024,Cardiology,18,64,12,3,21
28-03-2024,Neurology,17,24,3,2,15
28-03-2024,Oncology,12,15,6,6,23
28-03-2024,Emergency,19,11,5,6,38
28-03-2024,Pathology,11,21,6,7,30
29-03-2024,Cardiology,14,24,7,3,22
29-03-2024,Neurology,15,27,6,5,16
29-03-2024,Oncology,18,16,9,4,14
29-03-2024,Emergency,11,50,8,4,17
29-03-2024,Pathology,12,42,9,5,16
30-03-2024,Cardiology,17,38,9,2,26
30-03-2024,Neurology,17,50,7,6,14
30-03-2024,Oncology,18,43,10,2,24
30-03-2024,Emergency,11,44,4,0,38
30-03-2024,Pathology,16,64,7,3,21
31-03-2024,Cardiology,16,39,1,6,33
31-03-2024,Neurology,18,32,2,5,19
31-03-2024,Oncology,14,29,9,2,12
31-03-2024,Emergency,12,57,2,2,21
31-03-2024,Pathology,14,41,9,2,39
01-04-2024,Cardiology,16,34,12,4,16
01-04-2024,Neurology,14,47,9,7,20
01-04-2024,Oncology,13,51,12,3,19
01-04-2024,Emergency,15,5,6,4,26
01-04-2024,Pathology,12,47,2,0,32
02-04-2024,Cardiology,17,43,1,6,43
02-04-2024,Neurology,13,63,9,0,37
02-04-2024,Oncology,14,29,7,0,22
02-04-2024,Emergency,16,29,11,4,19
02-04-2024,Pathology,14,52,5,6,18
03-04-2024,Cardiology,19,35,7,0,25
03-04-2024,Neurology,11,37,11,7,36
03-04-2024,Oncology,16,45,5,2,34
03-04-2024,Emergency,19,64,9,4,12
03-04-2024,Pathology,15,17,11,5,14
04-04-2024,Cardiology,13,15,9,0,33
04-04-2024,Neurology,10,62,2,7,37
04-04-2024,Oncology,10,43,11,1,25
04-04-2024,Emergency,11,41,7,3,24
04-04-2024,Pathology,12,20,7,0,18
05-04-2024,Cardiology,19,19,7,4,26
05-04-2024,Neurology,19,59,7,5,12
05-04-2024,Oncology,14,25,10,6,20
05-04-2024,Emergency,10,18,4,5,44
05-04-2024,Pathology,18,49,8,0,15
06-04-2024,Cardiology,12,29,8,6,14
06-04-2024,Neurology,19,39,5,7,34
06-04-2024,Oncology,19,14,2,6,40
06-04-2024,Emergency,13,23,3,3,30
06-04-2024,Pathology,14,9,6,7,27
07-04-2024,Cardiology,18,61,8,0,24
07-04-2024,Neurology,13,55,2,5,12
07-04-2024,Oncology,18,13,11,1,42
07-04-2024,Emergency,19,56,4,2,29
07-04-2024,Pathology,10,31,4,3,20
08-04-2024,Cardiology,15,29,5,3,29
08-04-2024,Neurology,17,55,8,7,37
08-04-2024,Oncology,13,7,8,6,23
08-04-2024,Emergency,12,36,8,5,12
08-04-2024,Pathology,15,64,7,2,38
09-04-2024,Cardiology,10,56,7,1,22
09-04-2024,Neurology,16,43,4,6,11
09-04-2024,Oncology,18,42,4,4,32
09-04-2024,Emergency,10,58,8,6,15
09-04-2024,Pathology,18,38,11,6,24
10-04-2024,Cardiology,10,43,11,4,24
10-04-2024,Neurology,16,29,4,3,42
10-04-2024,Oncology,18,39,4,4,31
10-04-2024,Emergency,11,34,10,5,27
10-04-2024,Pathology,16,25,5,6,32
11-04-2024,Cardiology,19,62,2,3,17
11-04-2024,Neurology,12,17,4,2,14
11-04-2024,Oncology,12,21,9,5,16
11-04-2024,Emergency,16,53,10,1,36
11-04-2024,Pathology,12,59,6,0,37
12-04-2024,Cardiology,13,55,1,0,25
12-04-2024,Neurology,18,43,4,7,12
12-04-2024,Oncology,15,59,9,4,27
12-04-2024,Emergency,19,17,3,0,43
12-04-2024,Pathology,19,34,7,1,20
13-04-2024,Cardiology,10,35,6,2,39
13-04-2024,Neurology,19,22,3,5,23
13-04-2024,Oncology,19,34,5,5,39
13-04-2024,Emergency,13,49,9,3,29
13-04-2024,Pathology,14,42,4,1,30
14-04-2024,Cardiology,10,13,10,7,27
14-04-2024,Neurology,12,40,8,2,14
14-04-2024,Oncology,15,43,7,1,40
14-04-2024,Emergency,13,53,2,4,31
14-04-2024,Pathology,15,29,8,2,25
15-04-2024,Cardiology,11,11,7,3,43
15-04-2024,Neurology,19,61,2,1,11
15-04-2024,Oncology,15,33,6,1,20
15-04-2024,Emergency,18,50,4,0,16
15-04-2024,Pathology,17,36,6,4,39
16-04-2024,Cardiology,15,5,2,2,14
16-04-2024,Neurology,10,44,10,7,23
16-04-2024,Oncology,13,26,1,4,43
16-04-2024,Emergency,15,52,6,0,34
16-04-2024,Pathology,14,51,11,3,19
17-04-2024,Cardiology,17,15,5,6,35
17-04-2024,Neurology,12,14,10,5,35
17-04-2024,Oncology,16,38,3,6,11
17-04-2024,Emergency,18,54,10,7,10
17-04-2024,Pathology,16,57,2,2,43
18-04-2024,Cardiology,18,47,9,3,36
18-04-2024,Neurology,18,15,9,6,26
18-04-2024,Oncology,18,17,3,2,22
18-04-2024,Emergency,19,59,7,5,26
18-04-2024,Pathology,16,49,10,1,21
19-04-2024,Cardiology,13,22,7,1,26
19-04-2024,Neurology,14,20,9,6,44
19-04-2024,Oncology,19,15,5,5,14
19-04-2024,Emergency,15,30,3,1,17
19-04-2024,Pathology,16,53,2,3,38
20-04-2024,Cardiology,13,22,6,1,42
20-04-2024,Neurology,10,16,12,3,13
20-04-2024,Oncology,16,23,4,1,15
20-04-2024,Emergency,18,34,1,4,15
20-04-2024,Pathology,17,59,3,7,17
21-04-2024,Cardiology,16,62,8,6,26
21-04-2024,Neurology,13,57,6,6,34
21-04-2024,Oncology,11,48,3,1,38
21-04-2024,Emergency,14,43,12,7,32
21-04-2024,Pathology,12,16,3,4,39
22-04-2024,Cardiology,18,30,9,7,17
22-04-2024,Neurology,13,63,8,7,20
22-04-2024,Oncology,16,51,9,3,11
22-04-2024,Emergency,14,44,1,0,26
22-04-2024,Pathology,16,63,1,0,42
23-04-2024,Cardiology,16,33,5,1,28
23-04-2024,Neurology,16,14,9,7,35
23-04-2024,Oncology,14,42,6,1,42
23-04-2024,Emergency,10,49,10,3,36
23-04-2024,Pathology,14,20,1,5,40
24-04-2024,Cardiology,17,14,10,6,23
24-04-2024,Neurology,16,11,4,4,33
24-04-2024,Oncology,17,21,5,4,15
24-04-2024,Emergency,17,51,8,7,18
24-04-2024,Pathology,14,59,10,7,42
25-04-2024,Cardiology,16,49,5,1,41
25-04-2024,Neurology,11,12,12,4,13
25-04-2024,Oncology,13,58,8,0,18
25-04-2024,Emergency,12,59,5,7,30
25-04-2024,Pathology,11,13,8,0,28
26-04-2024,Cardiology,16,43,10,5,40
26-04-2024,Neurology,13,42,7,5,31
26-04-2024,Oncology,17,32,9,6,12
26-04-2024,Emergency,12,17,10,1,17
26-04-2024,Pathology,11,21,1,0,38
27-04-2024,Cardiology,19,27,9,7,17
27-04-2024,Neurology,18,5,10,2,38
27-04-2024,Oncology,19,53,9,0,28
27-04-2024,Emergency,17,38,7,4,14
27-04-2024,Pathology,12,31,10,0,25
28-04-2024,Cardiology,13,52,2,6,11
28-04-2024,Neurology,13,42,11,1,43
28-04-2024,Oncology,10,8,3,4,43
28-04-2024,Emergency,18,61,2,7,40
28-04-2024,Pathology,14,20,10,0,13
29-04-2024,Cardiology,13,60,1,4,26
29-04-2024,Neurology,14,20,1,5,10
29-04-2024,Oncology,11,13,9,2,10
29-04-2024,Emergency,11,58,3,3,33
29-04-2024,Pathology,11,28,6,5,19
30-04-2024,Cardiology,16,20,1,1,42
30-04-2024,Neurology,11,12,4,5,21
30-04-2024,Oncology,12,24,2,7,11
30-04-2024,Emergency,10,52,5,1,32
30-04-2024,Pathology,13,31,3,4,26
01-05-2024,Cardiology,16,55,12,2,34
01-05-2024,Neurology,12,51,3,3,32
01-05-2024,Oncology,10,28,9,3,28
01-05-2024,Emergency,13,7,4,2,31
01-05-2024,Pathology,13,23,7,1,12
02-05-2024,Cardiology,13,51,7,0,42
02-05-2024,Neurology,12,13,9,4,15
02-05-2024,Oncology,14,27,4,3,26
02-05-2024,Emergency,12,39,8,6,16
02-05-2024,Pathology,14,43,7,5,38
03-05-2024,Cardiology,18,11,5,1,29
03-05-2024,Neurology,17,41,9,0,42
03-05-2024,Oncology,15,36,7,7,38
03-05-2024,Emergency,17,63,7,0,17
03-05-2024,Pathology,15,11,12,7,36
04-05-2024,Cardiology,18,56,11,4,19
04-05-2024,Neurology,10,60,2,1,40
04-05-2024,Oncology,13,38,10,6,37
04-05-2024,Emergency,17,21,7,1,38
04-05-2024,Pathology,19,51,10,7,43
05-05-2024,Cardiology,17,62,1,4,27
05-05-2024,Neurology,15,47,8,3,28
05-05-2024,Oncology,12,37,1,0,25
05-05-2024,Emergency,12,25,6,4,14
05-05-2024,Pathology,10,56,4,0,16
06-05-2024,Cardiology,10,50,7,0,43
06-05-2024,Neurology,12,32,5,0,32
06-05-2024,Oncology,14,11,3,5,25
06-05-2024,Emergency,19,12,10,1,32
06-05-2024,Pathology,14,58,8,6,23
07-05-2024,Cardiology,13,9,9,3,22
07-05-2024,Neurology,13,63,5,0,38
07-05-2024,Oncology,10,11,6,4,19
07-05-2024,Emergency,16,40,7,0,41
07-05-2024,Pathology,12,15,8,7,41
08-05-2024,Cardiology,11,60,10,6,18
08-05-2024,Neurology,15,23,9,7,37
08-05-2024,Oncology,12,33,11,6,12
08-05-2024,Emergency,11,61,9,7,14
08-05-2024,Pathology,15,24,5,3,38
09-05-2024,Cardiology,14,55,7,0,24
09-05-2024,Neurology,10,51,4,5,42
09-05-2024,Oncology,16,19,9,0,32
09-05-2024,Emergency,19,43,12,6,39
09-05-2024,Pathology,13,64,10,0,15
10-05-2024,Cardiology,11,35,4,2,41
10-05-2024,Neurology,10,34,7,5,39
10-05-2024,Oncology,17,27,5,3,23
10-05-2024,Emergency,14,51,2,2,18
10-05-2024,Pathology,11,45,10,6,31
11-05-2024,Cardiology,19,46,11,1,35
11-05-2024,Neurology,16,7,7,5,11
11-05-2024,Oncology,10,18,6,6,38
11-05-2024,Emergency,15,34,6,4,27
11-05-2024,Pathology,10,8,10,3,14
12-05-2024,Cardiology,11,16,6,3,36
12-05-2024,Neurology,17,54,4,5,26
12-05-2024,Oncology,14,56,10,5,42
12-05-2024,Emergency,13,19,9,4,24
12-05-2024,Pathology,14,64,5,3,44
13-05-2024,Cardiology,12,40,1,2,22
13-05-2024,Neurology,10,27,5,3,30
13-05-2024,Oncology,11,8,8,5,38
13-05-2024,Emergency,15,5,7,3,28
13-05-2024,Pathology,18,33,6,0,30
14-05-2024,Cardiology,11,57,8,7,39
14-05-2024,Neurology,10,5,5,1,10
14-05-2024,Oncology,18,46,12,0,32
14-05-2024,Emergency,15,16,11,5,19
14-05-2024,Pathology,13,47,4,4,24
15-05-2024,Cardiology,13,58,12,3,37
15-05-2024,Neurology,14,43,5,2,16
15-05-2024,Oncology,13,17,2,1,40
15-05-2024,Emergency,19,35,1,6,41
15-05-2024,Pathology,11,36,8,1,15
16-05-2024,Cardiology,17,46,11,1,24
16-05-2024,Neurology,17,45,11,1,31
16-05-2024,Oncology,17,50,10,3,43
16-05-2024,Emergency,14,41,5,3,40
16-05-2024,Pathology,11,62,8,2,21
17-05-2024,Cardiology,16,7,2,1,15
17-05-2024,Neurology,12,21,3,6,37
17-05-2024,Oncology,19,55,9,1,29
17-05-2024,Emergency,15,64,12,3,29
17-05-2024,Pathology,17,33,9,6,10
18-05-2024,Cardiology,18,51,8,6,17
18-05-2024,Neurology,13,53,6,4,17
18-05-2024,Oncology,12,27,7,2,29
18-05-2024,Emergency,11,11,9,3,29
18-05-2024,Pathology,15,44,1,5,22
19-05-2024,Cardiology,10,17,5,1,26
19-05-2024,Neurology,16,32,7,4,42
19-05-2024,Oncology,16,15,11,5,42
19-05-2024,Emergency,16,52,7,6,27
19-05-2024,Pathology,19,21,8,5,24
20-05-2024,Cardiology,12,5,9,6,21
20-05-2024,Neurology,16,31,10,6,23
20-05-2024,Oncology,18,64,12,5,37
20-05-2024,Emergency,11,28,2,1,18
20-05-2024,Pathology,18,23,4,4,27
21-05-2024,Cardiology,11,32,3,2,42
21-05-2024,Neurology,12,13,1,4,22
21-05-2024,Oncology,18,16,3,4,11
21-05-2024,Emergency,16,28,1,0,42
21-05-2024,Pathology,17,56,6,0,12
22-05-2024,Cardiology,19,29,2,3,13
22-05-2024,Neurology,17,10,2,5,43
22-05-2024,Oncology,14,52,8,6,14
22-05-2024,Emergency,11,49,1,7,19
22-05-2024,Pathology,10,59,12,6,20
23-05-2024,Cardiology,17,55,8,6,27
23-05-2024,Neurology,13,63,12,2,36
23-05-2024,Oncology,15,46,7,4,41
23-05-2024,Emergency,14,40,5,7,19
23-05-2024,Pathology,18,28,12,5,19
24-05-2024,Cardiology,15,27,11,5,39
24-05-2024,Neurology,13,60,11,3,27
24-05-2024,Oncology,16,8,10,5,26
24-05-2024,Emergency,19,62,10,7,37
24-05-2024,Pathology,17,59,6,2,16
25-05-2024,Cardiology,17,18,3,6,40
25-05-2024,Neurology,16,54,6,4,34
25-05-2024,Oncology,12,48,7,3,21
25-05-2024,Emergency,12,34,11,4,31
25-05-2024,Pathology,12,33,9,1,13
26-05-2024,Cardiology,11,15,5,0,40
26-05-2024,Neurology,13,35,11,7,43
26-05-2024,Oncology,14,52,4,3,28
26-05-2024,Emergency,12,50,11,5,39
26-05-2024,Pathology,18,46,10,1,29
27-05-2024,Cardiology,14,58,6,0,32
27-05-2024,Neurology,17,51,11,7,40
27-05-2024,Oncology,16,64,7,6,11
27-05-2024,Emergency,15,41,8,4,13
27-05-2024,Pathology,15,51,1,1,38
28-05-2024,Cardiology,16,51,6,7,22
28-05-2024,Neurology,16,53,1,3,23
28-05-2024,Oncology,17,64,6,3,42
28-05-2024,Emergency,19,17,8,4,40
28-05-2024,Pathology,16,47,3,1,32
29-05-2024,Cardiology,11,13,12,0,14
29-05-2024,Neurology,17,58,9,6,31
29-05-2024,Oncology,11,22,11,7,41
29-05-2024,Emergency,13,42,4,4,44
29-05-2024,Pathology,16,45,10,2,25
30-05-2024,Cardiology,14,18,9,1,33
30-05-2024,Neurology,19,33,10,7,37
30-05-2024,Oncology,13,53,8,5,27
30-05-2024,Emergency,15,61,10,4,19
30-05-2024,Pathology,18,31,3,2,13
31-05-2024,Cardiology,15,61,10,7,38
31-05-2024,Neurology,17,8,6,3,30
31-05-2024,Oncology,12,44,8,2,15
31-05-2024,Emergency,11,20,8,0,37
31-05-2024,Pathology,11,53,7,5,13
01-06-2024,Cardiology,11,40,12,6,20
01-06-2024,Neurology,14,8,5,5,33
01-06-2024,Oncology,16,14,10,4,38
01-06-2024,Emergency,15,23,8,1,29
01-06-2024,Pathology,18,35,12,1,13
02-06-2024,Cardiology,17,51,4,1,32
02-06-2024,Neurology,16,5,11,7,35
02-06-2024,Oncology,15,53,8,6,12
02-06-2024,Emergency,17,37,3,4,24
02-06-2024,Pathology,18,59,6,4,32
03-06-2024,Cardiology,17,47,6,0,17
03-06-2024,Neurology,17,62,9,5,12
03-06-2024,Oncology,10,43,1,3,30
03-06-2024,Emergency,18,45,1,6,30
03-06-2024,Pathology,17,25,1,7,12
04-06-2024,Cardiology,19,19,10,7,25
04-06-2024,Neurology,19,51,5,2,35
04-06-2024,Oncology,19,50,4,1,13
04-06-2024,Emergency,17,19,11,2,11
04-06-2024,Pathology,12,11,11,3,43
05-06-2024,Cardiology,19,17,11,4,25
05-06-2024,Neurology,13,47,1,5,28
05-06-2024,Oncology,19,56,4,3,16
05-06-2024,Emergency,10,10,3,3,34
05-06-2024,Pathology,16,16,7,6,39
06-06-2024,Cardiology,13,59,5,2,28
06-06-2024,Neurology,17,15,5,4,29
06-06-2024,Oncology,15,19,5,6,39
06-06-2024,Emergency,11,42,5,2,25
06-06-2024,Pathology,19,25,6,5,32
07-06-2024,Cardiology,19,59,2,1,23
07-06-2024,Neurology,11,5,11,7,37
07-06-2024,Oncology,13,33,10,1,38
07-06-2024,Emergency,12,12,2,0,13
07-06-2024,Pathology,14,54,3,5,33
08-06-2024,Cardiology,14,55,1,5,38
08-06-2024,Neurology,18,34,5,2,27
08-06-2024,Oncology,11,20,12,7,28
08-06-2024,Emergency,16,34,8,3,40
08-06-2024,Pathology,18,37,10,0,12
09-06-2024,Cardiology,13,14,12,1,34
09-06-2024,Neurology,15,51,2,7,12
09-06-2024,Oncology,12,53,3,6,12
09-06-2024,Emergency,19,60,6,5,18
09-06-2024,Pathology,11,17,12,1,36
10-06-2024,Cardiology,17,46,6,7,22
10-06-2024,Neurology,16,61,8,4,31
10-06-2024,Oncology,17,30,11,6,11
10-06-2024,Emergency,11,21,9,1,41
10-06-2024,Pathology,16,31,9,1,34
11-06-2024,Cardiology,12,38,2,2,15
11-06-2024,Neurology,18,12,9,1,41
11-06-2024,Oncology,15,25,5,2,36
11-06-2024,Emergency,10,55,8,1,12
11-06-2024,Pathology,13,36,1,4,20
12-06-2024,Cardiology,16,33,6,5,27
12-06-2024,Neurology,18,47,4,1,37
12-06-2024,Oncology,15,57,5,7,31
12-06-2024,Emergency,11,29,11,7,26
12-06-2024,Pathology,15,34,7,3,33
13-06-2024,Cardiology,18,42,9,2,38
13-06-2024,Neurology,11,45,3,6,31
13-06-2024,Oncology,13,25,9,4,40
13-06-2024,Emergency,13,44,5,0,28
13-06-2024,Pathology,19,58,9,4,24
14-06-2024,Cardiology,15,17,8,4,40
14-06-2024,Neurology,10,56,2,2,16
14-06-2024,Oncology,17,36,2,3,44
14-06-2024,Emergency,18,16,11,1,15
14-06-2024,Pathology,14,12,5,6,19
15-06-2024,Cardiology,15,28,2,6,12
15-06-2024,Neurology,13,34,3,3,37
15-06-2024,Oncology,16,58,6,2,37
15-06-2024,Emergency,10,22,8,4,16
15-06-2024,Pathology,12,51,11,0,29
16-06-2024,Cardiology,18,29,3,7,27
16-06-2024,Neurology,18,11,5,5,29
16-06-2024,Oncology,14,6,4,6,37
16-06-2024,Emergency,11,13,12,2,34
16-06-2024,Pathology,18,37,8,4,36
17-06-2024,Cardiology,19,20,2,7,22
17-06-2024,Neurology,15,57,4,2,18
17-06-2024,Oncology,14,53,2,4,33
17-06-2024,Emergency,14,45,11,1,33
17-06-2024,Pathology,12,26,2,1,31
18-06-2024,Cardiology,10,42,8,3,40
18-06-2024,Neurology,13,30,10,7,34
18-06-2024,Oncology,15,11,9,2,39
18-06-2024,Emergency,11,62,11,3,37
18-06-2024,Pathology,15,32,3,3,13
19-06-2024,Cardiology,15,46,8,5,40
19-06-2024,Neurology,16,35,12,4,34
19-06-2024,Oncology,18,18,11,0,27
19-06-2024,Emergency,12,63,4,5,39
19-06-2024,Pathology,19,34,5,5,33
20-06-2024,Cardiology,19,5,10,7,24
20-06-2024,Neurology,13,45,12,2,25
20-06-2024,Oncology,10,21,5,7,38
20-06-2024,Emergency,10,47,12,3,22
20-06-2024,Pathology,16,48,5,5,30
21-06-2024,Cardiology,19,22,9,2,31
21-06-2024,Neurology,11,14,8,0,34
21-06-2024,Oncology,16,41,6,6,20
21-06-2024,Emergency,13,30,11,5,30
21-06-2024,Pathology,16,42,2,5,36
22-06-2024,Cardiology,10,46,12,7,38
22-06-2024,Neurology,18,9,4,6,18
22-06-2024,Oncology,11,56,5,7,29
22-06-2024,Emergency,11,63,7,4,40
22-06-2024,Pathology,19,25,4,1,28
23-06-2024,Cardiology,13,5,7,0,10
23-06-2024,Neurology,17,59,10,6,27
23-06-2024,Oncology,15,32,9,5,40
23-06-2024,Emergency,19,60,2,6,30
23-06-2024,Pathology,19,6,5,4,15
24-06-2024,Cardiology,13,54,3,6,40
24-06-2024,Neurology,14,14,12,3,42
24-06-2024,Oncology,13,15,7,5,23
24-06-2024,Emergency,18,48,8,5,24
24-06-2024,Pathology,10,8,5,7,19
25-06-2024,Cardiology,14,24,3,2,24
25-06-2024,Neurology,18,13,11,1,15
25-06-2024,Oncology,10,32,2,3,11
25-06-2024,Emergency,18,55,7,0,24
25-06-2024,Pathology,14,50,12,3,17
26-06-2024,Cardiology,16,39,6,2,34
26-06-2024,Neurology,18,45,11,5,32
26-06-2024,Oncology,13,57,10,5,29
26-06-2024,Emergency,10,54,2,4,24
26-06-2024,Pathology,14,40,5,3,42
27-06-2024,Cardiology,12,55,3,0,18
27-06-2024,Neurology,15,63,1,4,24
27-06-2024,Oncology,14,16,2,3,22
27-06-2024,Emergency,13,24,1,0,18
27-06-2024,Pathology,12,35,8,5,11
28-06-2024,Cardiology,11,50,2,0,27
28-06-2024,Neurology,15,15,12,7,23
28-06-2024,Oncology,16,25,9,5,11
28-06-2024,Emergency,15,64,4,6,11
28-06-2024,Pathology,13,58,2,4,25
29-06-2024,Cardiology,12,54,7,1,32
29-06-2024,Neurology,12,43,10,4,43
29-06-2024,Oncology,17,25,1,1,16
29-06-2024,Emergency,11,18,5,2,25
29-06-2024,Pathology,10,30,1,3,32
30-06-2024,Cardiology,14,16,12,1,16
30-06-2024,Neurology,15,32,2,2,43
30-06-2024,Oncology,12,50,1,3,18
30-06-2024,Emergency,15,38,3,0,26
30-06-2024,Pathology,18,46,6,0,25
01-07-2024,Cardiology,15,36,3,5,40
01-07-2024,Neurology,18,56,4,0,28
01-07-2024,Oncology,12,24,7,0,36
01-07-2024,Emergency,10,16,9,4,30
01-07-2024,Pathology,13,42,8,7,18
02-07-2024,Cardiology,13,56,6,5,21
02-07-2024,Neurology,15,59,1,7,13
02-07-2024,Oncology,16,14,7,7,44
02-07-2024,Emergency,13,31,10,0,28
02-07-2024,Pathology,12,15,12,4,27
03-07-2024,Cardiology,18,51,2,3,31
03-07-2024,Neurology,14,18,5,5,42
03-07-2024,Oncology,14,7,3,3,40
03-07-2024,Emergency,11,48,7,4,43
03-07-2024,Pathology,15,62,7,5,43
04-07-2024,Cardiology,11,39,3,4,27
04-07-2024,Neurology,10,38,10,3,33
04-07-2024,Oncology,13,24,11,4,12
04-07-2024,Emergency,14,41,6,0,41
04-07-2024,Pathology,14,10,10,4,12
05-07-2024,Cardiology,16,52,4,0,27
05-07-2024,Neurology,11,24,1,1,42
05-07-2024,Oncology,14,26,8,7,15
05-07-2024,Emergency,12,39,4,5,41
05-07-2024,Pathology,12,23,10,6,14
06-07-2024,Cardiology,19,25,11,1,32
06-07-2024,Neurology,13,51,7,3,14
06-07-2024,Oncology,19,64,9,2,25
06-07-2024,Emergency,16,18,3,6,31
06-07-2024,Pathology,12,38,10,3,20
07-07-2024,Cardiology,10,34,1,0,24
07-07-2024,Neurology,14,45,10,7,41
07-07-2024,Oncology,13,62,2,1,13
07-07-2024,Emergency,15,39,2,6,31
07-07-2024,Pathology,17,8,3,7,17
08-07-2024,Cardiology,14,13,12,0,25
08-07-2024,Neurology,16,58,8,7,29
08-07-2024,Oncology,10,8,10,7,18
08-07-2024,Emergency,16,42,7,0,32
08-07-2024,Pathology,18,36,1,0,43
09-07-2024,Cardiology,11,21,12,3,10
09-07-2024,Neurology,19,34,2,6,36
09-07-2024,Oncology,15,18,1,2,27
09-07-2024,Emergency,15,5,6,0,20
09-07-2024,Pathology,11,31,5,1,34
10-07-2024,Cardiology,12,30,11,0,39
10-07-2024,Neurology,14,59,3,5,21
10-07-2024,Oncology,15,45,10,7,13
10-07-2024,Emergency,18,35,7,5,37
10-07-2024,Pathology,14,26,1,6,35
11-07-2024,Cardiology,10,7,4,6,30
11-07-2024,Neurology,13,46,11,5,12
11-07-2024,Oncology,17,17,1,3,21
11-07-2024,Emergency,17,21,5,6,32
11-07-2024,Pathology,18,35,1,6,31
12-07-2024,Cardiology,14,13,7,2,32
12-07-2024,Neurology,15,32,11,5,25
12-07-2024,Oncology,15,29,4,3,24
12-07-2024,Emergency,14,64,3,4,30
12-07-2024,Pathology,10,18,8,7,27
13-07-2024,Cardiology,16,16,6,0,38
13-07-2024,Neurology,17,36,11,0,41
13-07-2024,Oncology,14,12,11,7,29
13-07-2024,Emergency,16,62,5,4,44
13-07-2024,Pathology,15,26,8,7,40
14-07-2024,Cardiology,18,42,5,7,37
14-07-2024,Neurology,12,31,10,2,21
14-07-2024,Oncology,11,15,8,5,25
14-07-2024,Emergency,12,39,2,0,26
14-07-2024,Pathology,17,22,11,0,29
15-07-2024,Cardiology,11,7,11,7,28
15-07-2024,Neurology,15,51,9,7,35
15-07-2024,Oncology,11,18,6,5,13
15-07-2024,Emergency,16,19,10,7,25
15-07-2024,Pathology,19,24,9,4,40
16-07-2024,Cardiology,17,60,8,0,32
16-07-2024,Neurology,14,44,1,2,22
16-07-2024,Oncology,16,46,5,5,42
16-07-2024,Emergency,12,40,3,2,27
16-07-2024,Pathology,13,60,8,4,19
17-07-2024,Cardiology,17,43,12,7,20
17-07-2024,Neurology,14,11,9,5,25
17-07-2024,Oncology,14,51,11,6,14
17-07-2024,Emergency,11,46,2,4,30
17-07-2024,Pathology,14,51,8,2,20
18-07-2024,Cardiology,19,15,1,5,14
18-07-2024,Neurology,18,43,9,6,27
18-07-2024,Oncology,11,9,8,2,18
18-07-2024,Emergency,13,26,7,2,12
18-07-2024,Pathology,18,15,10,1,32
19-07-2024,Cardiology,12,20,10,2,33
19-07-2024,Neurology,12,17,8,6,37
19-07-2024,Oncology,13,24,5,0,35
19-07-2024,Emergency,17,41,10,5,30
19-07-2024,Pathology,12,5,5,4,26
20-07-2024,Cardiology,19,63,2,7,29
20-07-2024,Neurology,11,27,11,4,16
20-07-2024,Oncology,12,27,4,0,29
20-07-2024,Emergency,10,52,2,1,37
20-07-2024,Pathology,13,8,8,7,18
21-07-2024,Cardiology,15,5,7,7,36
21-07-2024,Neurology,12,19,9,7,34
21-07-2024,Oncology,16,20,12,1,29
21-07-2024,Emergency,11,23,6,1,16
21-07-2024,Pathology,11,60,9,3,21
22-07-2024,Cardiology,16,14,11,7,33
22-07-2024,Neurology,10,55,5,2,37
22-07-2024,Oncology,15,20,5,6,20
22-07-2024,Emergency,16,22,12,4,18
22-07-2024,Pathology,12,46,12,0,38
23-07-2024,Cardiology,17,60,8,0,20
23-07-2024,Neurology,13,54,10,1,31
23-07-2024,Oncology,14,15,3,3,30
23-07-2024,Emergency,19,54,9,7,32
23-07-2024,Pathology,17,42,4,6,39
24-07-2024,Cardiology,16,47,10,2,18
24-07-2024,Neurology,10,27,4,1,10
24-07-2024,Oncology,10,45,4,0,44
24-07-2024,Emergency,16,9,6,3,37
24-07-2024,Pathology,13,47,8,0,26
25-07-2024,Cardiology,18,30,5,1,11
25-07-2024,Neurology,19,62,7,4,21
25-07-2024,Oncology,13,40,1,4,16
25-07-2024,Emergency,17,57,6,6,17
25-07-2024,Pathology,17,5,1,3,19
26-07-2024,Cardiology,19,25,1,5,33
26-07-2024,Neurology,19,49,10,6,38
26-07-2024,Oncology,18,6,2,3,40
26-07-2024,Emergency,12,62,2,3,14
26-07-2024,Pathology,18,7,12,1,18
27-07-2024,Cardiology,18,6,12,5,26
27-07-2024,Neurology,13,21,5,6,39
27-07-2024,Oncology,10,54,7,4,30
27-07-2024,Emergency,12,56,4,6,42
27-07-2024,Pathology,19,28,1,1,30
28-07-2024,Cardiology,19,48,5,5,31
28-07-2024,Neurology,18,61,11,6,16
28-07-2024,Oncology,10,45,9,4,34
28-07-2024,Emergency,17,18,9,4,21
28-07-2024,Pathology,19,9,6,1,27
29-07-2024,Cardiology,14,52,7,2,11
29-07-2024,Neurology,13,23,12,6,41
29-07-2024,Oncology,13,58,1,6,21
29-07-2024,Emergency,18,17,4,1,24
29-07-2024,Pathology,17,11,1,7,44
30-07-2024,Cardiology,15,44,6,0,42
30-07-2024,Neurology,14,26,6,6,33
30-07-2024,Oncology,19,32,1,6,39
30-07-2024,Emergency,13,53,3,5,23
30-07-2024,Pathology,16,22,2,5,17
31-07-2024,Cardiology,12,53,4,3,23
31-07-2024,Neurology,16,12,6,0,23
31-07-2024,Oncology,18,63,12,3,34
31-07-2024,Emergency,10,35,1,5,32
31-07-2024,Pathology,19,10,2,4,27
01-08-2024,Cardiology,15,43,1,4,39
01-08-2024,Neurology,10,36,6,5,43
01-08-2024,Oncology,11,43,8,5,35
01-08-2024,Emergency,15,58,8,5,36
01-08-2024,Pathology,11,54,11,4,35
02-08-2024,Cardiology,16,43,2,6,11
02-08-2024,Neurology,18,36,12,5,40
02-08-2024,Oncology,13,25,12,6,30
02-08-2024,Emergency,18,10,1,5,24
02-08-2024,Pathology,13,54,8,1,44
03-08-2024,Cardiology,14,8,11,4,12
03-08-2024,Neurology,18,50,7,2,41
03-08-2024,Oncology,17,57,5,6,10
03-08-2024,Emergency,13,59,3,5,44
03-08-2024,Pathology,11,55,2,2,18
04-08-2024,Cardiology,12,63,5,3,29
04-08-2024,Neurology,16,41,1,5,22
04-08-2024,Oncology,16,30,7,4,42
04-08-2024,Emergency,13,48,8,7,22
04-08-2024,Pathology,17,17,6,3,38
05-08-2024,Cardiology,12,40,6,5,26
05-08-2024,Neurology,16,36,5,1,29
05-08-2024,Oncology,16,57,3,2,41
05-08-2024,Emergency,12,37,11,2,21
05-08-2024,Pathology,16,13,4,6,38
06-08-2024,Cardiology,15,9,6,7,28
06-08-2024,Neurology,15,6,4,4,44
06-08-2024,Oncology,18,15,6,2,29
06-08-2024,Emergency,17,23,1,5,44
06-08-2024,Pathology,12,32,9,2,22
07-08-2024,Cardiology,14,57,6,2,21
07-08-2024,Neurology,18,22,2,1,38
07-08-2024,Oncology,19,60,4,4,33
07-08-2024,Emergency,17,46,6,3,38
07-08-2024,Pathology,12,37,6,6,44
08-08-2024,Cardiology,18,13,6,7,11
08-08-2024,Neurology,15,63,8,0,12
08-08-2024,Oncology,17,38,4,2,20
08-08-2024,Emergency,14,24,12,5,10
08-08-2024,Pathology,19,48,10,5,30
09-08-2024,Cardiology,14,37,8,3,29
09-08-2024,Neurology,16,20,9,1,40
09-08-2024,Oncology,14,37,12,3,10
09-08-2024,Emergency,13,34,7,7,19
09-08-2024,Pathology,10,62,2,7,39
10-08-2024,Cardiology,16,11,1,1,24
10-08-2024,Neurology,16,38,5,3,30
10-08-2024,Oncology,19,29,9,5,31
10-08-2024,Emergency,17,7,10,6,13
10-08-2024,Pathology,11,13,1,6,29
11-08-2024,Cardiology,19,13,12,0,22
11-08-2024,Neurology,10,21,3,0,11
11-08-2024,Oncology,14,45,4,6,15
11-08-2024,Emergency,14,34,5,5,25
11-08-2024,Pathology,17,48,8,6,11
12-08-2024,Cardiology,14,36,3,6,30
12-08-2024,Neurology,15,41,2,0,42
12-08-2024,Oncology,17,24,9,7,27
12-08-2024,Emergency,10,26,3,6,29
12-08-2024,Pathology,18,33,2,6,22
13-08-2024,Cardiology,15,42,10,2,41
13-08-2024,Neurology,18,7,9,1,38
13-08-2024,Oncology,15,62,4,1,42
13-08-2024,Emergency,13,60,5,6,32
13-08-2024,Pathology,19,39,10,1,11
14-08-2024,Cardiology,16,50,11,7,20
14-08-2024,Neurology,11,49,3,7,11
14-08-2024,Oncology,16,35,6,0,37
14-08-2024,Emergency,19,48,4,2,10
14-08-2024,Pathology,15,18,12,0,38
15-08-2024,Cardiology,11,31,6,3,26
15-08-2024,Neurology,10,17,10,7,15
15-08-2024,Oncology,11,29,6,2,31
15-08-2024,Emergency,11,6,3,1,19
15-08-2024,Pathology,16,13,9,5,12
16-08-2024,Cardiology,13,7,12,3,30
16-08-2024,Neurology,19,44,1,4,24
16-08-2024,Oncology,16,15,11,2,20
16-08-2024,Emergency,13,23,1,7,31
16-08-2024,Pathology,13,25,12,0,35
17-08-2024,Cardiology,14,55,7,4,11
17-08-2024,Neurology,12,45,10,2,10
17-08-2024,Oncology,18,28,3,4,38
17-08-2024,Emergency,14,42,5,4,13
17-08-2024,Pathology,19,24,8,6,22
18-08-2024,Cardiology,15,26,6,7,42
18-08-2024,Neurology,19,30,9,3,39
18-08-2024,Oncology,13,24,7,6,24
18-08-2024,Emergency,12,36,4,6,39
18-08-2024,Pathology,19,63,5,3,27
19-08-2024,Cardiology,18,64,8,6,20
19-08-2024,Neurology,14,27,3,4,17
19-08-2024,Oncology,10,12,1,7,41
19-08-2024,Emergency,19,17,3,4,38
19-08-2024,Pathology,14,54,12,1,39
20-08-2024,Cardiology,12,50,8,3,20
20-08-2024,Neurology,12,58,11,0,28
20-08-2024,Oncology,10,59,8,2,11
20-08-2024,Emergency,13,7,8,3,10
20-08-2024,Pathology,15,6,2,1,13
21-08-2024,Cardiology,11,43,11,2,39
21-08-2024,Neurology,15,64,1,1,26
21-08-2024,Oncology,10,35,11,2,29
21-08-2024,Emergency,18,49,3,4,15
21-08-2024,Pathology,13,32,10,7,20
22-08-2024,Cardiology,16,48,10,1,11
22-08-2024,Neurology,11,45,10,3,21
22-08-2024,Oncology,16,5,5,5,23
22-08-2024,Emergency,12,37,4,7,32
22-08-2024,Pathology,12,33,5,5,18
23-08-2024,Cardiology,11,58,9,5,25
23-08-2024,Neurology,19,27,2,3,33
23-08-2024,Oncology,17,8,6,1,18
23-08-2024,Emergency,12,64,11,4,26
23-08-2024,Pathology,18,10,7,2,41
24-08-2024,Cardiology,11,16,8,5,39
24-08-2024,Neurology,10,61,9,5,43
24-08-2024,Oncology,10,12,9,5,40
24-08-2024,Emergency,10,10,6,2,27
24-08-2024,Pathology,10,43,9,5,41
25-08-2024,Cardiology,19,36,4,4,28
25-08-2024,Neurology,16,17,6,3,38
25-08-2024,Oncology,18,17,9,7,10
25-08-2024,Emergency,14,53,2,5,36
25-08-2024,Pathology,17,37,9,1,32
26-08-2024,Cardiology,14,10,8,0,36
26-08-2024,Neurology,19,8,9,1,24
26-08-2024,Oncology,13,10,12,7,23
26-08-2024,Emergency,18,53,1,1,41
26-08-2024,Pathology,17,48,3,0,18
27-08-2024,Cardiology,14,60,6,2,43
27-08-2024,Neurology,13,37,11,6,37
27-08-2024,Oncology,10,14,10,0,41
27-08-2024,Emergency,10,39,1,4,30
27-08-2024,Pathology,17,47,8,0,12
28-08-2024,Cardiology,14,7,4,4,21
28-08-2024,Neurology,13,36,11,5,34
28-08-2024,Oncology,11,60,5,6,32
28-08-2024,Emergency,10,48,4,4,37
28-08-2024,Pathology,14,53,11,7,42
29-08-2024,Cardiology,13,19,8,2,30
29-08-2024,Neurology,14,50,12,6,23
29-08-2024,Oncology,17,60,6,5,27
29-08-2024,Emergency,15,54,5,4,23
29-08-2024,Pathology,10,32,8,3,44
30-08-2024,Cardiology,13,35,2,5,25
30-08-2024,Neurology,16,25,1,1,43
30-08-2024,Oncology,18,55,2,7,18
30-08-2024,Emergency,15,16,5,5,38
30-08-2024,Pathology,10,13,10,0,41
31-08-2024,Cardiology,11,17,8,4,36
31-08-2024,Neurology,19,44,5,6,43
31-08-2024,Oncology,15,29,11,5,34
31-08-2024,Emergency,18,61,12,4,41
31-08-2024,Pathology,16,18,9,4,17
01-09-2024,Cardiology,14,62,4,4,43
01-09-2024,Neurology,19,38,12,2,25
01-09-2024,Oncology,12,64,8,1,43
01-09-2024,Emergency,17,23,10,2,10
01-09-2024,Pathology,12,31,7,4,30
02-09-2024,Cardiology,16,13,9,3,42
02-09-2024,Neurology,17,21,9,2,21
02-09-2024,Oncology,14,31,10,5,30
02-09-2024,Emergency,17,58,4,3,18
02-09-2024,Pathology,19,10,5,5,35
03-09-2024,Cardiology,14,30,10,4,19
03-09-2024,Neurology,18,47,1,3,24
03-09-2024,Oncology,12,47,7,7,26
03-09-2024,Emergency,16,39,10,4,16
03-09-2024,Pathology,11,6,6,5,33
04-09-2024,Cardiology,10,14,7,0,41
04-09-2024,Neurology,15,54,7,0,41
04-09-2024,Oncology,16,64,6,7,38
04-09-2024,Emergency,14,40,6,7,42
04-09-2024,Pathology,11,15,1,2,37
05-09-2024,Cardiology,11,47,2,5,34
05-09-2024,Neurology,12,14,5,4,16
05-09-2024,Oncology,14,51,7,5,14
05-09-2024,Emergency,15,42,11,1,21
05-09-2024,Pathology,11,60,10,2,40
06-09-2024,Cardiology,11,23,5,7,17
06-09-2024,Neurology,14,48,4,4,24
06-09-2024,Oncology,14,29,11,1,32
06-09-2024,Emergency,17,45,5,1,10
06-09-2024,Pathology,18,32,1,1,29
07-09-2024,Cardiology,11,36,8,5,10
07-09-2024,Neurology,10,59,9,7,29
07-09-2024,Oncology,13,12,12,5,33
07-09-2024,Emergency,13,41,1,1,40
07-09-2024,Pathology,18,45,6,1,21
08-09-2024,Cardiology,11,35,5,2,36
08-09-2024,Neurology,16,63,5,1,44
08-09-2024,Oncology,12,26,6,0,42
08-09-2024,Emergency,16,20,5,4,32
08-09-2024,Pathology,11,16,5,7,26
09-09-2024,Cardiology,19,15,6,6,42
09-09-2024,Neurology,18,48,5,2,44
09-09-2024,Oncology,14,16,3,3,19
09-09-2024,Emergency,15,23,1,3,11
09-09-2024,Pathology,19,44,2,3,21
10-09-2024,Cardiology,17,36,2,2,28
10-09-2024,Neurology,19,60,3,4,38
10-09-2024,Oncology,16,50,9,1,34
10-09-2024,Emergency,10,5,4,2,24
10-09-2024,Pathology,16,51,2,0,21
11-09-2024,Cardiology,19,5,2,4,12
11-09-2024,Neurology,15,48,10,6,34
11-09-2024,Oncology,12,17,8,5,17
11-09-2024,Emergency,14,20,5,2,23
11-09-2024,Pathology,11,8,4,7,17
12-09-2024,Cardiology,12,26,12,0,18
12-09-2024,Neurology,14,63,1,7,22
12-09-2024,Oncology,10,61,8,5,25
12-09-2024,Emergency,14,42,12,6,11
12-09-2024,Pathology,13,56,5,6,36
13-09-2024,Cardiology,15,30,10,1,30
13-09-2024,Neurology,17,19,2,2,26
13-09-2024,Oncology,16,29,6,6,43
13-09-2024,Emergency,12,30,3,3,39
13-09-2024,Pathology,12,49,4,1,24
14-09-2024,Cardiology,12,15,1,0,40
14-09-2024,Neurology,16,52,5,5,22
14-09-2024,Oncology,18,18,8,0,37
14-09-2024,Emergency,10,6,8,6,39
14-09-2024,Pathology,18,9,11,0,18
15-09-2024,Cardiology,11,10,11,1,37
15-09-2024,Neurology,11,36,1,0,32
15-09-2024,Oncology,14,16,7,5,40
15-09-2024,Emergency,18,37,11,3,34
15-09-2024,Pathology,18,56,5,0,30
16-09-2024,Cardiology,18,48,3,4,19
16-09-2024,Neurology,12,44,3,5,37
16-09-2024,Oncology,13,37,6,5,17
16-09-2024,Emergency,12,38,6,3,40
16-09-2024,Pathology,19,50,10,6,15
17-09-2024,Cardiology,10,53,11,4,22
17-09-2024,Neurology,16,11,1,7,20
17-09-2024,Oncology,16,26,4,1,23
17-09-2024,Emergency,14,62,7,3,12
17-09-2024,Pathology,12,31,9,3,22
18-09-2024,Cardiology,16,63,4,0,22
18-09-2024,Neurology,11,23,9,4,20
18-09-2024,Oncology,14,14,6,5,32
18-09-2024,Emergency,14,42,12,5,33
18-09-2024,Pathology,16,42,5,1,35
19-09-2024,Cardiology,16,5,1,4,29
19-09-2024,Neurology,17,26,5,2,33
19-09-2024,Oncology,18,62,12,7,26
19-09-2024,Emergency,14,7,9,1,43
19-09-2024,Pathology,17,24,11,3,18
20-09-2024,Cardiology,19,37,2,0,27
20-09-2024,Neurology,18,8,7,3,20
20-09-2024,Oncology,15,36,10,6,23
20-09-2024,Emergency,18,53,8,5,21
20-09-2024,Pathology,19,31,6,5,44
21-09-2024,Cardiology,19,38,2,4,10
21-09-2024,Neurology,18,7,1,5,43
21-09-2024,Oncology,13,26,6,2,10
21-09-2024,Emergency,11,45,10,5,40
21-09-2024,Pathology,16,7,10,5,28
22-09-2024,Cardiology,19,27,7,3,10
22-09-2024,Neurology,12,44,4,2,31
22-09-2024,Oncology,18,58,5,4,10
22-09-2024,Emergency,10,40,5,4,22
22-09-2024,Pathology,10,60,8,4,25
23-09-2024,Cardiology,14,26,4,6,24
23-09-2024,Neurology,18,47,8,6,26
23-09-2024,Oncology,16,36,2,5,15
23-09-2024,Emergency,18,49,6,7,11
23-09-2024,Pathology,12,38,5,4,17
24-09-2024,Cardiology,16,54,3,0,17
24-09-2024,Neurology,12,33,9,3,20
24-09-2024,Oncology,10,45,8,3,43
24-09-2024,Emergency,19,7,2,6,41
24-09-2024,Pathology,16,38,9,4,43
25-09-2024,Cardiology,18,12,11,7,42
25-09-2024,Neurology,18,29,6,5,14
25-09-2024,Oncology,17,31,4,7,33
25-09-2024,Emergency,12,38,5,4,34
25-09-2024,Pathology,19,21,5,7,27
26-09-2024,Cardiology,14,19,4,2,31
26-09-2024,Neurology,12,15,4,5,24
26-09-2024,Oncology,14,9,9,7,35
26-09-2024,Emergency,18,31,3,4,20
26-09-2024,Pathology,10,64,1,3,38
27-09-2024,Cardiology,14,13,8,2,36
27-09-2024,Neurology,13,23,1,6,22
27-09-2024,Oncology,16,62,9,5,30
27-09-2024,Emergency,12,50,6,5,30
27-09-2024,Pathology,12,14,8,7,14
28-09-2024,Cardiology,14,62,5,7,13
28-09-2024,Neurology,13,61,1,3,13
28-09-2024,Oncology,12,56,3,2,27
28-09-2024,Emergency,10,58,9,2,27
28-09-2024,Pathology,19,13,8,1,13
29-09-2024,Cardiology,16,64,6,5,44
29-09-2024,Neurology,13,31,6,4,13
29-09-2024,Oncology,10,6,6,0,39
29-09-2024,Emergency,17,60,9,3,23
29-09-2024,Pathology,17,40,10,1,21
30-09-2024,Cardiology,16,40,12,1,31
30-09-2024,Neurology,11,60,1,4,27
30-09-2024,Oncology,16,16,1,3,35
30-09-2024,Emergency,12,38,6,6,33
30-09-2024,Pathology,15,11,10,7,35
01-10-2024,Cardiology,13,8,12,7,30
01-10-2024,Neurology,11,18,11,2,26
01-10-2024,Oncology,10,14,12,4,12
01-10-2024,Emergency,19,53,1,0,36
01-10-2024,Pathology,11,33,1,2,40
02-10-2024,Cardiology,16,54,9,7,23
02-10-2024,Neurology,15,60,11,6,30
02-10-2024,Oncology,11,47,12,2,20
02-10-2024,Emergency,15,16,12,5,20
02-10-2024,Pathology,12,21,8,7,43
03-10-2024,Cardiology,16,49,9,6,15
03-10-2024,Neurology,10,47,11,1,36
03-10-2024,Oncology,14,17,3,0,27
03-10-2024,Emergency,14,12,12,5,44
03-10-2024,Pathology,17,41,10,6,29
04-10-2024,Cardiology,18,14,3,7,38
04-10-2024,Neurology,11,28,5,3,12
04-10-2024,Oncology,14,28,9,4,35
04-10-2024,Emergency,19,46,11,7,15
04-10-2024,Pathology,17,20,1,4,41
05-10-2024,Cardiology,19,29,7,7,16
05-10-2024,Neurology,19,64,12,6,13
05-10-2024,Oncology,19,12,11,0,39
05-10-2024,Emergency,10,39,12,2,24
05-10-2024,Pathology,17,27,2,5,22
06-10-2024,Cardiology,12,62,5,1,12
06-10-2024,Neurology,10,30,4,5,20
06-10-2024,Oncology,13,23,7,2,27
06-10-2024,Emergency,10,45,11,4,40
06-10-2024,Pathology,19,21,5,0,30
07-10-2024,Cardiology,14,60,3,3,30
07-10-2024,Neurology,11,6,11,1,23
07-10-2024,Oncology,13,47,9,3,14
07-10-2024,Emergency,18,7,11,0,28
07-10-2024,Pathology,17,25,1,7,27
08-10-2024,Cardiology,10,52,10,7,16
08-10-2024,Neurology,16,42,1,0,18
08-10-2024,Oncology,11,12,7,5,43
08-10-2024,Emergency,15,57,11,4,35
08-10-2024,Pathology,17,7,8,3,24
09-10-2024,Cardiology,11,41,2,6,41
09-10-2024,Neurology,16,43,2,6,42
09-10-2024,Oncology,14,54,11,3,31
09-10-2024,Emergency,17,64,3,3,35
09-10-2024,Pathology,13,18,11,7,42
10-10-2024,Cardiology,17,5,11,1,21
10-10-2024,Neurology,16,43,5,1,17
10-10-2024,Oncology,12,28,5,1,29
10-10-2024,Emergency,14,36,5,2,31
10-10-2024,Pathology,16,36,6,4,33
11-10-2024,Cardiology,19,58,3,1,14
11-10-2024,Neurology,16,61,4,3,38
11-10-2024,Oncology,11,48,3,6,11
11-10-2024,Emergency,15,57,8,1,24
11-10-2024,Pathology,15,18,12,5,14
12-10-2024,Cardiology,15,7,10,1,26
12-10-2024,Neurology,17,7,5,3,27
12-10-2024,Oncology,14,28,3,0,29
12-10-2024,Emergency,13,20,8,0,42
12-10-2024,Pathology,11,29,3,1,25
13-10-2024,Cardiology,12,49,11,0,23
13-10-2024,Neurology,17,46,10,3,22
13-10-2024,Oncology,19,37,12,2,15
13-10-2024,Emergency,19,36,3,0,24
13-10-2024,Pathology,18,27,4,5,39
14-10-2024,Cardiology,14,62,8,3,18
14-10-2024,Neurology,12,6,8,7,34
14-10-2024,Oncology,14,31,1,3,40
14-10-2024,Emergency,14,35,4,3,35
14-10-2024,Pathology,14,59,10,5,37
15-10-2024,Cardiology,12,40,6,4,26
15-10-2024,Neurology,14,17,12,5,21
15-10-2024,Oncology,16,17,10,5,13
15-10-2024,Emergency,13,45,7,7,16
15-10-2024,Pathology,18,42,7,7,21
16-10-2024,Cardiology,15,31,3,1,12
16-10-2024,Neurology,19,52,12,7,36
16-10-2024,Oncology,14,11,4,1,20
16-10-2024,Emergency,19,31,10,6,44
16-10-2024,Pathology,13,61,12,2,23
17-10-2024,Cardiology,14,59,1,7,13
17-10-2024,Neurology,12,8,12,2,44
17-10-2024,Oncology,10,31,9,0,32
17-10-2024,Emergency,14,57,11,4,43
17-10-2024,Pathology,11,27,6,6,38
18-10-2024,Cardiology,10,42,1,1,40
18-10-2024,Neurology,14,36,3,2,32
18-10-2024,Oncology,12,43,7,5,36
18-10-2024,Emergency,12,33,3,1,21
18-10-2024,Pathology,12,37,8,4,35
19-10-2024,Cardiology,11,10,6,7,40
19-10-2024,Neurology,14,44,3,0,14
19-10-2024,Oncology,18,60,6,6,29
19-10-2024,Emergency,12,38,1,6,19
19-10-2024,Pathology,16,11,10,1,21
20-10-2024,Cardiology,12,60,12,3,44
20-10-2024,Neurology,18,28,9,0,30
20-10-2024,Oncology,18,13,6,2,27
20-10-2024,Emergency,19,52,3,5,10
20-10-2024,Pathology,19,14,2,3,17
21-10-2024,Cardiology,12,17,10,1,31
21-10-2024,Neurology,16,40,10,1,43
21-10-2024,Oncology,12,60,8,0,29
21-10-2024,Emergency,13,14,2,0,39
21-10-2024,Pathology,11,20,2,1,15
22-10-2024,Cardiology,18,36,4,0,18
22-10-2024,Neurology,19,53,10,4,37
22-10-2024,Oncology,17,6,2,1,13
22-10-2024,Emergency,15,8,11,5,21
22-10-2024,Pathology,13,58,7,6,43
23-10-2024,Cardiology,17,22,11,2,40
23-10-2024,Neurology,19,11,9,1,38
23-10-2024,Oncology,13,9,6,4,19
23-10-2024,Emergency,13,43,3,6,18
23-10-2024,Pathology,16,36,5,1,40
24-10-2024,Cardiology,10,37,3,4,37
24-10-2024,Neurology,13,61,6,0,16
24-10-2024,Oncology,10,10,8,1,21
24-10-2024,Emergency,18,44,1,0,27
24-10-2024,Pathology,11,23,11,7,21
25-10-2024,Cardiology,15,29,10,2,42
25-10-2024,Neurology,14,59,5,5,19
25-10-2024,Oncology,18,43,7,7,39
25-10-2024,Emergency,16,27,7,0,30
25-10-2024,Pathology,19,46,8,3,40
26-10-2024,Cardiology,15,30,10,6,13
26-10-2024,Neurology,15,18,2,1,39
26-10-2024,Oncology,16,23,9,0,28
26-10-2024,Emergency,10,57,10,5,11
26-10-2024,Pathology,19,18,12,3,14
27-10-2024,Cardiology,12,59,12,4,29
27-10-2024,Neurology,12,29,1,1,32
27-10-2024,Oncology,14,62,7,0,43
27-10-2024,Emergency,15,5,1,4,30
27-10-2024,Pathology,14,37,10,7,32
28-10-2024,Cardiology,17,45,5,5,14
28-10-2024,Neurology,12,53,3,4,12
28-10-2024,Oncology,19,13,3,0,39
28-10-2024,Emergency,11,19,12,2,25
28-10-2024,Pathology,18,29,11,4,26
29-10-2024,Cardiology,19,40,2,6,26
29-10-2024,Neurology,17,18,1,0,42
29-10-2024,Oncology,11,40,5,2,29
29-10-2024,Emergency,13,7,2,5,44
29-10-2024,Pathology,18,21,11,2,22
30-10-2024,Cardiology,18,15,6,4,35
30-10-2024,Neurology,18,60,10,5,29
30-10-2024,Oncology,13,12,5,1,26
30-10-2024,Emergency,16,40,8,6,24
30-10-2024,Pathology,15,18,11,5,15
31-10-2024,Cardiology,15,59,7,6,25
31-10-2024,Neurology,18,25,12,1,20
31-10-2024,Oncology,18,58,4,3,22
31-10-2024,Emergency,17,55,8,3,31
31-10-2024,Pathology,13,63,11,2,19
01-11-2024,Cardiology,19,56,10,6,32
01-11-2024,Neurology,18,41,2,3,21
01-11-2024,Oncology,13,9,9,3,16
01-11-2024,Emergency,16,46,6,0,39
01-11-2024,Pathology,11,52,10,6,31
02-11-2024,Cardiology,10,13,4,7,43
02-11-2024,Neurology,11,44,3,7,12
02-11-2024,Oncology,13,44,11,7,26
02-11-2024,Emergency,10,60,4,4,25
02-11-2024,Pathology,16,54,8,7,28
03-11-2024,Cardiology,13,44,8,0,35
03-11-2024,Neurology,16,15,9,3,15
03-11-2024,Oncology,12,25,10,7,38
03-11-2024,Emergency,16,31,5,4,33
03-11-2024,Pathology,15,63,6,1,13
04-11-2024,Cardiology,16,43,7,0,15
04-11-2024,Neurology,13,62,1,0,40
04-11-2024,Oncology,13,56,11,4,36
04-11-2024,Emergency,17,11,1,7,20
04-11-2024,Pathology,15,30,6,5,31
05-11-2024,Cardiology,13,49,11,0,40
05-11-2024,Neurology,15,20,9,0,39
05-11-2024,Oncology,16,40,10,2,20
05-11-2024,Emergency,15,53,12,5,41
05-11-2024,Pathology,17,6,10,6,42
06-11-2024,Cardiology,19,39,12,4,32
06-11-2024,Neurology,10,5,1,7,13
06-11-2024,Oncology,18,30,3,6,36
06-11-2024,Emergency,12,46,3,6,37
06-11-2024,Pathology,15,53,11,0,37
07-11-2024,Cardiology,13,55,1,1,12
07-11-2024,Neurology,15,50,6,0,38
07-11-2024,Oncology,18,36,6,7,23
07-11-2024,Emergency,10,39,10,7,29
07-11-2024,Pathology,12,18,3,7,32
08-11-2024,Cardiology,16,55,1,5,38
08-11-2024,Neurology,13,22,9,5,24
08-11-2024,Oncology,15,6,11,1,13
08-11-2024,Emergency,18,27,3,2,39
08-11-2024,Pathology,19,55,5,1,44
09-11-2024,Cardiology,17,6,5,0,16
09-11-2024,Neurology,16,21,8,2,12
09-11-2024,Oncology,10,44,8,6,37
09-11-2024,Emergency,12,61,2,5,29
09-11-2024,Pathology,18,45,11,7,36
10-11-2024,Cardiology,14,31,10,0,32
10-11-2024,Neurology,16,10,4,5,24
10-11-2024,Oncology,18,18,6,1,41
10-11-2024,Emergency,11,39,11,3,13
10-11-2024,Pathology,18,46,2,5,28
11-11-2024,Cardiology,16,27,11,7,33
11-11-2024,Neurology,12,40,4,3,26
11-11-2024,Oncology,18,14,2,1,19
11-11-2024,Emergency,11,35,8,0,24
11-11-2024,Pathology,19,39,4,1,28
12-11-2024,Cardiology,16,23,12,7,34
12-11-2024,Neurology,11,19,9,1,29
12-11-2024,Oncology,16,42,10,2,10
12-11-2024,Emergency,14,30,4,0,29
12-11-2024,Pathology,13,25,1,3,39
13-11-2024,Cardiology,10,24,12,0,16
13-11-2024,Neurology,16,37,8,4,18
13-11-2024,Oncology,16,55,2,1,19
13-11-2024,Emergency,13,24,5,5,24
13-11-2024,Pathology,18,44,11,1,22
14-11-2024,Cardiology,17,42,4,5,37
14-11-2024,Neurology,18,55,12,3,10
14-11-2024,Oncology,19,15,1,3,35
14-11-2024,Emergency,17,50,8,1,18
14-11-2024,Pathology,14,47,1,7,39
15-11-2024,Cardiology,12,25,1,1,16
15-11-2024,Neurology,13,44,5,6,25
15-11-2024,Oncology,18,35,4,6,32
15-11-2024,Emergency,18,61,10,0,10
15-11-2024,Pathology,13,24,10,0,16
16-11-2024,Cardiology,18,64,12,3,34
16-11-2024,Neurology,16,58,7,0,44
16-11-2024,Oncology,19,63,3,0,44
16-11-2024,Emergency,11,23,6,3,26
16-11-2024,Pathology,14,49,9,1,34
17-11-2024,Cardiology,16,27,2,7,42
17-11-2024,Neurology,13,37,1,2,11
17-11-2024,Oncology,13,39,6,7,20
17-11-2024,Emergency,15,41,1,6,27
17-11-2024,Pathology,16,55,1,2,24
18-11-2024,Cardiology,18,29,4,2,24
18-11-2024,Neurology,17,11,6,3,25
18-11-2024,Oncology,11,26,5,0,36
18-11-2024,Emergency,11,31,12,1,34
18-11-2024,Pathology,14,43,11,4,17
19-11-2024,Cardiology,11,17,11,7,43
19-11-2024,Neurology,13,29,6,4,27
19-11-2024,Oncology,10,20,8,7,27
19-11-2024,Emergency,19,9,10,7,11
19-11-2024,Pathology,18,18,2,0,18
20-11-2024,Cardiology,11,48,11,4,32
20-11-2024,Neurology,17,23,4,3,21
20-11-2024,Oncology,12,36,5,1,30
20-11-2024,Emergency,14,50,12,5,24
20-11-2024,Pathology,16,44,8,7,37
21-11-2024,Cardiology,14,22,8,4,22
21-11-2024,Neurology,11,21,2,5,38
21-11-2024,Oncology,15,61,6,7,42
21-11-2024,Emergency,13,33,12,0,12
21-11-2024,Pathology,11,10,6,3,17
22-11-2024,Cardiology,11,9,2,0,41
22-11-2024,Neurology,13,45,1,3,32
22-11-2024,Oncology,10,17,10,7,13
22-11-2024,Emergency,15,14,11,2,11
22-11-2024,Pathology,11,19,1,3,36
23-11-2024,Cardiology,15,24,4,7,29
23-11-2024,Neurology,14,62,3,0,30
23-11-2024,Oncology,18,25,2,4,29
23-11-2024,Emergency,11,55,8,7,43
23-11-2024,Pathology,17,50,12,3,33
24-11-2024,Cardiology,10,45,2,5,16
24-11-2024,Neurology,17,13,8,3,10
24-11-2024,Oncology,10,8,6,6,30
24-11-2024,Emergency,14,28,4,2,28
24-11-2024,Pathology,14,22,2,1,44
25-11-2024,Cardiology,18,36,2,4,38
25-11-2024,Neurology,16,15,9,4,19
25-11-2024,Oncology,16,15,7,1,33
25-11-2024,Emergency,16,18,7,0,42
25-11-2024,Pathology,16,16,12,3,43
26-11-2024,Cardiology,17,13,12,6,20
26-11-2024,Neurology,18,62,2,0,10
26-11-2024,Oncology,17,55,10,7,19
26-11-2024,Emergency,11,13,4,6,34
26-11-2024,Pathology,15,48,9,0,13
27-11-2024,Cardiology,13,41,9,3,20
27-11-2024,Neurology,12,43,6,2,22
27-11-2024,Oncology,16,28,6,4,14
27-11-2024,Emergency,16,45,10,7,40
27-11-2024,Pathology,16,48,3,2,26
28-11-2024,Cardiology,10,30,8,7,12
28-11-2024,Neurology,10,45,2,7,33
28-11-2024,Oncology,13,60,12,6,41
28-11-2024,Emergency,13,16,10,4,13
28-11-2024,Pathology,19,61,2,7,12
29-11-2024,Cardiology,11,40,3,1,11
29-11-2024,Neurology,17,8,3,5,30
29-11-2024,Oncology,12,15,4,4,39
29-11-2024,Emergency,12,49,7,3,20
29-11-2024,Pathology,17,50,6,2,18
30-11-2024,Cardiology,13,16,7,1,43
30-11-2024,Neurology,12,23,5,1,43
30-11-2024,Oncology,18,62,5,7,19
30-11-2024,Emergency,12,17,1,4,22
30-11-2024,Pathology,12,15,11,6,22
01-12-2024,Cardiology,12,34,6,1,22
01-12-2024,Neurology,12,29,1,2,17
01-12-2024,Oncology,16,29,7,6,10
01-12-2024,Emergency,18,20,3,2,11
01-12-2024,Pathology,10,24,11,5,36
02-12-2024,Cardiology,18,38,3,4,33
02-12-2024,Neurology,18,44,1,4,24
02-12-2024,Oncology,15,12,10,7,16
02-12-2024,Emergency,19,32,2,7,36
02-12-2024,Pathology,11,26,4,7,30
03-12-2024,Cardiology,14,60,2,0,27
03-12-2024,Neurology,11,8,9,7,18
03-12-2024,Oncology,19,57,8,0,35
03-12-2024,Emergency,10,41,11,3,31
03-12-2024,Pathology,16,62,12,4,18
04-12-2024,Cardiology,12,24,10,6,15
04-12-2024,Neurology,11,37,1,0,40
04-12-2024,Oncology,16,40,9,3,41
04-12-2024,Emergency,19,57,8,5,10
04-12-2024,Pathology,14,45,2,7,12
05-12-2024,Cardiology,10,29,5,1,29
05-12-2024,Neurology,15,40,1,2,23
05-12-2024,Oncology,10,58,11,2,32
05-12-2024,Emergency,17,29,8,4,37
05-12-2024,Pathology,12,23,10,6,13
06-12-2024,Cardiology,18,18,1,7,30
06-12-2024,Neurology,17,45,5,6,26
06-12-2024,Oncology,13,19,10,1,15
06-12-2024,Emergency,16,36,5,0,41
06-12-2024,Pathology,11,62,5,4,12
07-12-2024,Cardiology,18,47,6,4,17
07-12-2024,Neurology,15,23,12,6,20
07-12-2024,Oncology,12,34,3,4,34
07-12-2024,Emergency,15,62,11,4,36
07-12-2024,Pathology,12,63,2,0,19
08-12-2024,Cardiology,14,25,11,7,25
08-12-2024,Neurology,10,44,6,7,34
08-12-2024,Oncology,19,58,3,4,16
08-12-2024,Emergency,18,44,3,0,28
08-12-2024,Pathology,10,40,6,6,41
09-12-2024,Cardiology,16,39,5,0,42
09-12-2024,Neurology,12,62,1,7,11
09-12-2024,Oncology,18,38,12,6,24
09-12-2024,Emergency,12,24,1,4,39
09-12-2024,Pathology,13,58,5,5,27
10-12-2024,Cardiology,12,41,7,6,40
10-12-2024,Neurology,12,51,9,2,33
10-12-2024,Oncology,10,20,4,5,32
10-12-2024,Emergency,10,37,4,7,23
10-12-2024,Pathology,19,34,8,6,31
11-12-2024,Cardiology,14,28,3,7,41
11-12-2024,Neurology,14,19,10,4,20
11-12-2024,Oncology,11,62,12,6,31
11-12-2024,Emergency,15,58,9,3,13
11-12-2024,Pathology,13,9,2,7,36
12-12-2024,Cardiology,13,37,9,0,10
12-12-2024,Neurology,14,26,4,4,32
12-12-2024,Oncology,14,51,10,1,19
12-12-2024,Emergency,11,34,11,6,33
12-12-2024,Pathology,19,7,6,4,31
13-12-2024,Cardiology,15,23,3,3,19
13-12-2024,Neurology,18,29,3,1,15
13-12-2024,Oncology,15,10,5,7,38
13-12-2024,Emergency,17,35,7,3,38
13-12-2024,Pathology,15,54,12,7,44
14-12-2024,Cardiology,11,6,12,4,25
14-12-2024,Neurology,10,64,10,6,20
14-12-2024,Oncology,16,60,2,3,41
14-12-2024,Emergency,13,61,11,7,10
14-12-2024,Pathology,13,48,3,1,15
15-12-2024,Cardiology,14,49,11,2,18
15-12-2024,Neurology,15,24,12,3,32
15-12-2024,Oncology,13,18,12,2,37
15-12-2024,Emergency,15,40,11,1,14
15-12-2024,Pathology,12,33,11,1,31
16-12-2024,Cardiology,13,62,6,7,19
16-12-2024,Neurology,11,10,11,7,26
16-12-2024,Oncology,17,13,5,3,25
16-12-2024,Emergency,13,46,8,5,15
16-12-2024,Pathology,16,16,12,3,14
17-12-2024,Cardiology,16,64,4,3,17
17-12-2024,Neurology,19,14,12,6,25
17-12-2024,Oncology,12,41,1,6,13
17-12-2024,Emergency,13,50,4,4,35
17-12-2024,Pathology,18,29,9,5,41
18-12-2024,Cardiology,15,6,10,5,23
18-12-2024,Neurology,14,25,12,5,41
18-12-2024,Oncology,11,44,4,5,38
18-12-2024,Emergency,11,8,10,7,36
18-12-2024,Pathology,12,26,7,1,20
19-12-2024,Cardiology,13,7,1,5,29
19-12-2024,Neurology,16,10,10,2,17
19-12-2024,Oncology,10,5,6,6,24
19-12-2024,Emergency,11,32,4,4,18
19-12-2024,Pathology,12,33,4,3,32
20-12-2024,Cardiology,14,13,9,7,28
20-12-2024,Neurology,17,52,11,4,30
20-12-2024,Oncology,15,9,11,5,27
20-12-2024,Emergency,18,49,1,7,15
20-12-2024,Pathology,18,49,5,2,25
21-12-2024,Cardiology,10,14,3,1,34
21-12-2024,Neurology,10,7,12,2,26
21-12-2024,Oncology,18,22,2,1,36
21-12-2024,Emergency,14,52,2,4,28
21-12-2024,Pathology,12,38,7,0,17
22-12-2024,Cardiology,13,7,9,6,38
22-12-2024,Neurology,11,39,4,7,21
22-12-2024,Oncology,16,23,9,6,17
22-12-2024,Emergency,10,25,3,7,20
22-12-2024,Pathology,16,52,12,1,34
23-12-2024,Cardiology,17,47,8,3,16
23-12-2024,Neurology,13,21,12,5,17
23-12-2024,Oncology,11,15,11,2,18
23-12-2024,Emergency,13,60,10,2,30
23-12-2024,Pathology,18,10,7,2,19
24-12-2024,Cardiology,10,37,11,6,23
24-12-2024,Neurology,15,19,4,3,16
24-12-2024,Oncology,19,5,6,0,39
24-12-2024,Emergency,12,30,12,1,39
24-12-2024,Pathology,19,11,7,4,14
25-12-2024,Cardiology,16,26,1,5,31
25-12-2024,Neurology,14,35,10,1,26
25-12-2024,Oncology,10,22,8,0,39
25-12-2024,Emergency,10,56,2,0,44
25-12-2024,Pathology,13,31,9,2,27
26-12-2024,Cardiology,14,5,4,1,13
26-12-2024,Neurology,12,31,5,6,39
26-12-2024,Oncology,11,26,9,2,29
26-12-2024,Emergency,14,22,1,0,29
26-12-2024,Pathology,11,62,4,0,19
27-12-2024,Cardiology,10,37,4,3,19
27-12-2024,Neurology,15,55,1,7,32
27-12-2024,Oncology,11,34,1,0,31
27-12-2024,Emergency,15,16,9,6,24
27-12-2024,Pathology,16,35,2,4,41
28-12-2024,Cardiology,18,39,7,6,23
28-12-2024,Neurology,11,50,8,4,30
28-12-2024,Oncology,15,22,2,3,44
28-12-2024,Emergency,12,34,12,6,26
28-12-2024,Pathology,15,22,4,0,39
29-12-2024,Cardiology,19,18,10,1,25
29-12-2024,Neurology,11,44,11,5,44
29-12-2024,Oncology,14,57,2,4,21
29-12-2024,Emergency,10,40,6,6,37
29-12-2024,Pathology,12,43,5,6,25
30-12-2024,Cardiology,11,64,12,6,24
30-12-2024,Neurology,18,54,12,1,11
30-12-2024,Oncology,14,54,1,3,27
30-12-2024,Emergency,19,46,7,4,14
30-12-2024,Pathology,14,57,10,1,13
31-12-2024,Cardiology,14,32,10,0,27
31-12-2024,Neurology,11,54,12,4,33
31-12-2024,Oncology,15,8,5,6,38
31-12-2024,Emergency,10,57,8,5,38
31-12-2024,Pathology,14,53,8,2,12
